{"cameraMode":{"drawMode":0,"name":"Shaded","section":"Shading Mode"},"sceneLighting":false,"audioPlay":false,"sceneViewState":{"showFog":true,"showMaterialUpdate":true,"showSkybox":false,"showFlares":true,"showImageEffects":true,"showParticleSystems":true},"in2DMode":false,"pivot":{"x":-1.6608140468597413,"y":-15.714674949645996,"z":17.97588348388672},"rotation":{"x":0.3547924757003784,"y":-0.03785113990306854,"z":0.01437682006508112,"w":0.9340770244598389},"size":18.273494720458986,"orthographic":false}